{
  "Mutriku": [
    43.307222,
    -2.385
  ],
  "Deba": [
    43.295277777,
    -2.35
  ],
  "Mendaro": [
    43.252645236,
    -2.386414721
  ],
  "Elgoibar": [
    43.214166666,
    -2.416944444
  ],
  "Eibar": [
    43.1842839,
    -2.4732748
  ],
  "Soraluze": [
    43.174778,
    -2.411722
  ],
  "Zumaia": [
    43.283333,
    -2.25
  ],
  "Getaria": [
    43.424111111,
    -1.608638888
  ],
  "Zarautz": [
    43.2863159,
    -2.1748013
  ],
  "Aizarnazabal": [
    43.2557918,
    -2.2362989
  ],
  "Zestoa": [
    43.2401063,
    -2.2585525
  ],
  "Azkoitia": [
    43.179167,
    -2.310556
  ],
  "Azpeitia": [
    43.181944444,
    -2.265277777
  ],
  "Errezil": [
    43.165,
    -2.174167
  ],
  "Beizama": [
    43.1341562,
    -2.2002744
  ],
  "Donostia": [
    43.32,
    -1.98
  ],
  "Usurbil": [
    43.266666666,
    -2.05
  ],
  "Lasarte-Oria": [
    43.267777777,
    -2.02
  ],
  "Astigarraga": [
    43.2815684,
    -1.9474769
  ],
  "Hernani": [
    43.2664,
    -1.9733
  ],
  "Urnieta": [
    43.24687,
    -1.9917045
  ],
  "Andoain": [
    43.2183341,
    -2.019888
  ],
  "Zizurkil": [
    43.2,
    -2.077222
  ],
  "Aduna": [
    43.2038168,
    -2.050099
  ],
  "Pasaia": [
    43.326388888,
    -1.919166666
  ],
  "Lezo": [
    43.3222,
    -1.8978
  ],
  "Oiartzun": [
    43.299166666,
    -1.857777777
  ],
  "Errenteria": [
    43.3125271,
    -1.8986133
  ],
  "Hondarribia": [
    43.3624372,
    -1.7914777
  ],
  "Irun": [
    43.337806,
    -1.788806
  ],
  "Asteasu": [
    43.1928306,
    -2.0953614
  ],
  "Larraul": [
    43.1879341,
    -2.1023955
  ],
  "Alkiza": [
    43.1725845,
    -2.1089901
  ],
  "Hernialde": [
    43.1544948,
    -2.085194
  ],
  "Tolosa": [
    43.1386,
    -2.0724
  ],
  "Alegia": [
    43.1004352,
    -2.0983582
  ],
  "Altzo": [
    43.1004025,
    -2.0842078
  ],
  "Lizartza": [
    43.103611111,
    -2.034166666
  ],
  "Orexa": [
    43.0942358,
    -2.0113193
  ],
  "Berastegi": [
    43.1241497,
    -1.9791586
  ],
  "Elduain": [
    43.1406884,
    -2.0006998
  ],
  "Villabona": [
    43.1881,
    -2.0525
  ],
  "Anoeta": [
    43.162222,
    -2.07
  ],
  "Irura": [
    43.1675342,
    -2.0672224
  ],
  "Ibarra": [
    43.1319,
    -2.0625
  ],
  "Berrobi": [
    43.1455807,
    -2.0266424
  ],
  "Belauntza": [
    43.1350267,
    -2.0503391
  ],
  "Leaburu": [
    43.116666666,
    -2.05
  ],
  "Gaztelu": [
    42.805833,
    -2.668333
  ],
  "Amezketa": [
    43.0493025,
    -2.0880713
  ],
  "Baliarrain": [
    43.0694191,
    -2.1283913
  ],
  "Albiztur": [
    43.1294071,
    -2.1373229
  ],
  "Orendain": [
    43.0794987,
    -2.1141376
  ],
  "Elgeta": [
    43.136637,
    -2.487682
  ],
  "Bergara": [
    43.1175442,
    -2.4133452
  ],
  "Antzuola": [
    43.0990781,
    -2.380624
  ],
  "Arrasate": [
    43.065555555,
    -2.49
  ],
  "Aretxabaleta": [
    42.831944,
    -2.6725
  ],
  "Eskoriatza": [
    43.0168367,
    -2.5283464
  ],
  "Oñati": [
    43.032778,
    -2.411667
  ],
  "Zumarraga": [
    43.0886,
    -2.3136
  ],
  "Urretxu": [
    43.091666666,
    -2.313888888
  ],
  "Beasain": [
    43.0473269,
    -2.2032868
  ],
  "Itsasondo": [
    43.0678266,
    -2.1672356
  ],
  "Legorreta": [
    43.0848925,
    -2.1486222
  ],
  "Altzaga": [
    43.064166666,
    -2.154722222
  ],
  "Arama": [
    43.0634673,
    -2.1655819
  ],
  "Gaintza": [
    43.053056,
    -2.1325
  ],
  "Ordizia": [
    43.054722222,
    -2.178333333
  ],
  "Gabiria": [
    43.0502538,
    -2.2791464
  ],
  "Ormaiztegi": [
    43.0431256,
    -2.254814
  ],
  "Mutiloa": [
    43.0220391,
    -2.2727507
  ],
  "Legazpi": [
    43.0556,
    -2.335
  ],
  "Zerain": [
    43.0125385,
    -2.2733725
  ],
  "Segura": [
    43.009086,
    -2.2527923
  ],
  "Idiazabal": [
    43.0106787,
    -2.2336128
  ],
  "Lazkao": [
    43.034722222,
    -2.1875
  ],
  "Zaldibia": [
    43.036389,
    -2.149722
  ],
  "Abaltzisketa": [
    43.047842,
    -2.1052186
  ],
  "Ataun": [
    42.9781042,
    -2.1812767
  ]
}