{
  "Getaria (L)": [
    43.424111111,
    -1.608638888
  ],
  "Lekunberri (NB)": [
    43.135,
    -1.143055555
  ],
  "Jatsu Garazi": [
    43.197777777,
    -1.192222222
  ],
  "Montori-Berorize": [
    43.096944444,
    -0.817777777
  ],
  "Santa Grazi": [
    43.014166666,
    -0.854166666
  ]
}