{
  "Ubide": [
    43.0241516,
    -2.6888828
  ],
  "Artea": [
    43.1334436,
    -2.7843203
  ],
  "Bakio": [
    43.427778,
    -2.811389
  ],
  "Garai": [
    43.194722222,
    -2.609722222
  ],
  "Kortezubi": [
    43.3407404,
    -2.655104
  ],
  "Areatza": [
    43.1215986,
    -2.7681889
  ],
  "Laukiz": [
    43.34971205,
    -2.914438189
  ],
  "Mungia": [
    43.354722222,
    -2.847222222
  ],
  "Ereño": [
    43.35113795,
    -2.615890656
  ],
  "Meñaka": [
    43.364722222,
    -2.801666666
  ],
  "Zuia": [
    42.98189485,
    -2.832541281
  ],
  "Mallabia": [
    43.189722222,
    -2.528888888
  ],
  "Galdakao": [
    43.230555555,
    -2.845833333
  ],
  "Etxebarri": [
    43.247222222,
    -2.891666666
  ],
  "Plentzia": [
    43.405833333,
    -2.946388888
  ],
  "Mañaria": [
    43.139166666,
    -2.659722222
  ],
  "Ajangiz": [
    43.29982495,
    -2.669884201
  ],
  "Zeberio": [
    43.1468424,
    -2.8524223
  ],
  "Arrieta": [
    43.3402674,
    -2.7697002
  ],
  "Arantzazu": [
    43.1575,
    -2.789166666
  ],
  "Zaldibar": [
    43.1725,
    -2.545277777
  ],
  "Ibarrangelu": [
    43.3896126,
    -2.6311482
  ],
  "Maruri-Jatabe": [
    43.39639525,
    -2.86877087
  ],
  "Lemoa": [
    43.2098775,
    -2.7788097
  ],
  "Ziortza-Bolibar": [
    43.245,
    -2.555833333
  ],
  "Legutio": [
    42.9809869,
    -2.6467053
  ],
  "Otxandio": [
    43.041111111,
    -2.653333333
  ],
  "Amurrio": [
    43.0525066,
    -3.000896
  ],
  "Zamudio": [
    43.2827605,
    -2.8623645
  ],
  "Ermua": [
    43.186666666,
    -2.5025
  ],
  "Atxondo": [
    43.13,
    -2.583611111
  ],
  "Ea": [
    43.381111111,
    -2.583611111
  ],
  "Dima": [
    43.1093279,
    -2.708382366
  ],
  "Sopela": [
    43.381388888,
    -2.982222222
  ],
  "Barrika": [
    43.4066267,
    -2.9609879
  ],
  "Morga": [
    43.283333,
    -2.75
  ],
  "Igorre": [
    43.1642445,
    -2.7783435
  ],
  "Fruiz": [
    43.3276522,
    -2.789501095
  ],
  "Etxebarria": [
    43.254166666,
    -2.477222222
  ],
  "Muxika": [
    43.288833333,
    -2.691416666
  ],
  "Leintz Gatzaga": [
    42.9868906,
    -2.5687408
  ],
  "Aramaio": [
    43.03520365,
    -2.585663195
  ],
  "Loiu": [
    43.3147645,
    -2.9388878
  ],
  "Basauri": [
    43.236666666,
    -2.89
  ],
  "Nabarniz": [
    43.320833333,
    -2.583611111
  ],
  "Sondika": [
    43.2990664,
    -2.9260509
  ],
  "Gorliz": [
    43.416111111,
    -2.932777777
  ],
  "Gizaburuaga": [
    43.3309436,
    -2.5379481
  ],
  "Busturia": [
    43.382777777,
    -2.696666666
  ],
  "Mundaka": [
    43.407222222,
    -2.698333333
  ],
  "Arrigorriaga": [
    43.207777777,
    -2.886111111
  ],
  "Mendexa": [
    43.345833,
    -2.4857921
  ],
  "Zeanuri": [
    43.0988891,
    -2.7494389
  ],
  "Mendata": [
    43.287922,
    -2.632351
  ],
  "Forua": [
    43.3373452,
    -2.6754845
  ],
  "Sukarrieta": [
    43.396111111,
    -2.695
  ],
  "Lekeitio": [
    43.363877777,
    -2.504883333
  ],
  "Durango": [
    43.1683,
    -2.6317
  ],
  "Ugao": [
    43.181388888,
    -2.900277777
  ],
  "Elorrio": [
    43.1304644,
    -2.5426453
  ],
  "Zigoitia": [
    42.9683205,
    -2.728151159
  ],
  "Lemoiz": [
    43.411411,
    -2.9022672
  ],
  "Arratzu": [
    43.3117,
    -2.63861
  ],
  "Arakaldo": [
    43.1530741,
    -2.9354354
  ],
  "Larrabetzu": [
    43.2609468,
    -2.7959846
  ],
  "Amoroto": [
    43.3267938,
    -2.5132747
  ],
  "Izurtza": [
    43.155,
    -2.638888888
  ],
  "Arratzua-Ubarrundia": [
    42.890277777,
    -2.639166666
  ],
  "Ondarroa": [
    43.321944444,
    -2.419444444
  ],
  "Murueta": [
    43.352777777,
    -2.680555555
  ],
  "Arrankudiaga": [
    43.172518878,
    -2.920118858
  ],
  "Berriatua": [
    43.309722222,
    -2.467222222
  ],
  "Berriz": [
    43.175833333,
    -2.575555555
  ],
  "Ispaster": [
    43.362778,
    -2.543056
  ],
  "Iurreta": [
    43.177777777,
    -2.631666666
  ],
  "Derio": [
    43.2916949,
    -2.8858821
  ],
  "Lezama": [
    43.274722222,
    -2.833333333
  ],
  "Zaratamo": [
    43.212777777,
    -2.872222222
  ],
  "Aulesti": [
    43.296423,
    -2.5628139
  ],
  "Bermeo": [
    43.420833333,
    -2.721388888
  ],
  "Gatika": [
    43.363888888,
    -2.871944444
  ],
  "Gernika-Lumo": [
    43.316944444,
    -2.676666666
  ],
  "Getxo": [
    43.344166666,
    -3.006388888
  ],
  "Berango": [
    43.365,
    -2.995
  ],
  "Laudio": [
    43.151111111,
    -2.956111111
  ],
  "Orozko": [
    43.108611,
    -2.911111
  ],
  "Bilbo": [
    43.263055555,
    -2.935
  ],
  "Bedia": [
    43.2084398,
    -2.8019783
  ],
  "Abadiño": [
    43.1525,
    -2.6075
  ],
  "Markina-Xemein": [
    43.268888888,
    -2.496388888
  ],
  "Errigoiti": [
    43.32,
    -2.723888888
  ],
  "Elantxobe": [
    43.403888888,
    -2.638611111
  ],
  "Urduliz": [
    43.372649,
    -2.9492348
  ],
  "Gamiz-Fika": [
    43.3140716,
    -2.825125304
  ]
}